State,Year,Cases
Jammu & Kashmir,2020,648
Himachal Pradesh,2020,474
Punjab,2020,2280
Chandigarh,2020,58
Uttaranchal,2020,608
Haryana,2020,1536
Delhi,2020,1259
Rajasthan,2020,3721
Uttar Pradesh,2020,10046
Bihar,2020,5073
Sikkim,2020,26
Arunachal Pradesh,2020,71
Nagaland,2020,116
Manipur,2020,103
Mizoram,2020,139
Tripura,2020,191
Meghalaya,2020,111
Assam,2020,1802
West Bengal,2020,5679
Jharkhand,2020,1770
Orissa,2020,2656
Chhattisgarh,2020,1507
Madhya Pradesh,2020,4042
Gujarat,2020,3738
Daman,2020,9
Dadra & Nagar Haveli,2020,15
Maharashtra,2020,6708
Telangana,2020,2532
Andhra Pradesh,2020,3799
Karnataka,2020,4536
Goa,2020,104
Lakshadweep,2020,4
Kerala,2020,1734
Tamil Nadu,2020,7958
Pondicherry,2020,133
Andaman & Nicobar Islands,2020,23
Jammu & Kashmir,2021,664
Himachal Pradesh,2021,483
Punjab,2021,2339
Chandigarh,2021,60
Uttaranchal,2021,624
Haryana,2021,1580
Delhi,2021,1303
Rajasthan,2021,3822
Uttar Pradesh,2021,10301
Bihar,2021,5207
Sikkim,2021,27
Arunachal Pradesh,2021,74
Nagaland,2021,121
Manipur,2021,107
Mizoram,2021,143
Tripura,2021,194
Meghalaya,2021,113
Assam,2021,1851
West Bengal,2021,5823
Jharkhand,2021,1821
Orissa,2021,2717
Chhattisgarh,2021,1545
Madhya Pradesh,2021,4151
Gujarat,2021,3840
Daman,2021,9
Dadra & Nagar Haveli,2021,15
Maharashtra,2021,6872
Telangana,2021,2595
Andhra Pradesh,2021,3886
Karnataka,2021,4657
Goa,2021,106
Lakshadweep,2021,4
Kerala,2021,1771
Tamil Nadu,2021,8144
Pondicherry,2021,138
Andaman & Nicobar Islands,2021,23
Jammu & Kashmir,2022,682
Himachal Pradesh,2022,495
Punjab,2022,2399
Chandigarh,2022,62
Uttaranchal,2022,639
Haryana,2022,1630
Delhi,2022,1348
Rajasthan,2022,3927
Uttar Pradesh,2022,10559
Bihar,2022,5348
Sikkim,2022,29
Arunachal Pradesh,2022,75
Nagaland,2022,124
Manipur,2022,112
Mizoram,2022,147
Tripura,2022,199
Meghalaya,2022,117
Assam,2022,1900
West Bengal,2022,5971
Jharkhand,2022,1874
Orissa,2022,2778
Chhattisgarh,2022,1584
Madhya Pradesh,2022,4264
Gujarat,2022,3943
Daman,2022,10
Dadra & Nagar Haveli,2022,16
Maharashtra,2022,7037
Telangana,2022,2665
Andhra Pradesh,2022,3973
Karnataka,2022,4776
Goa,2022,107
Lakshadweep,2022,4
Kerala,2022,1804
Tamil Nadu,2022,8337
Pondicherry,2022,143
Andaman & Nicobar Islands,2022,25
Jammu & Kashmir,2023,701
Himachal Pradesh,2023,506
Punjab,2023,2459
Chandigarh,2023,63
Uttaranchal,2023,656
Haryana,2023,1678
Delhi,2023,1394
Rajasthan,2023,4034
Uttar Pradesh,2023,10825
Bihar,2023,5489
Sikkim,2023,29
Arunachal Pradesh,2023,78
Nagaland,2023,127
Manipur,2023,117
Mizoram,2023,153
Tripura,2023,204
Meghalaya,2023,123
Assam,2023,1952
West Bengal,2023,6119
Jharkhand,2023,1926
Orissa,2023,2844
Chhattisgarh,2023,1626
Madhya Pradesh,2023,4378
Gujarat,2023,4048
Daman,2023,12
Dadra & Nagar Haveli,2023,17
Maharashtra,2023,7207
Telangana,2023,2731
Andhra Pradesh,2023,4063
Karnataka,2023,4900
Goa,2023,109
Lakshadweep,2023,6
Kerala,2023,1840
Tamil Nadu,2023,8534
Pondicherry,2023,148
Andaman & Nicobar Islands,2023,25
