State,Year,Deaths
Jammu & Kashmir,2014,233
Ladakh UT,2014,6
Himachal Pradesh,2014,180
Punjab,2014,857
Chandigarh,2014,21
Uttaranchal,2014,227
Haryana,2014,559
Delhi,2014,447
Rajasthan,2014,1384
Uttar Pradesh,2014,3789
Bihar,2014,1900
Sikkim,2014,10
Arunachal Pradesh,2014,26
Nagaland,2014,43
Manipur,2014,38
Mizoram,2014,50
Tripura,2014,71
Meghalaya,2014,41
Assam,2014,673
West Bengal,2014,2133
Jharkhand,2014,656
Orissa,2014,1012
Chhattisgarh,2014,565
Madhya Pradesh,2014,1507
Gujarat,2014,1393
Daman,2014,4
Dadra & Nagar Haveli,2014,5
Maharashtra,2014,2540
Telangana,2014,948
Andhra Pradesh,2014,1449
Karnataka,2014,1697
Goa,2014,40
Lakshadweep,2014,2
Kerala,2014,671
Tamil Nadu,2014,3024
Pondicherry,2014,46
Andaman & Nicobar Islands,2014,8
Jammu & Kashmir,2015,241
Ladakh UT,2015,6
Himachal Pradesh,2015,184
Punjab,2015,880
Chandigarh,2015,22
Uttaranchal,2015,234
Haryana,2015,577
Delhi,2015,465
Rajasthan,2015,1424
Uttar Pradesh,2015,3890
Bihar,2015,1953
Sikkim,2015,10
Arunachal Pradesh,2015,27
Nagaland,2015,44
Manipur,2015,38
Mizoram,2015,52
Tripura,2015,72
Meghalaya,2015,42
Assam,2015,691
West Bengal,2015,2192
Jharkhand,2015,675
Orissa,2015,1037
Chhattisgarh,2015,581
Madhya Pradesh,2015,1550
Gujarat,2015,1434
Daman,2015,4
Dadra & Nagar Haveli,2015,5
Maharashtra,2015,2606
Telangana,2015,975
Andhra Pradesh,2015,1486
Karnataka,2015,1745
Goa,2015,41
Lakshadweep,2015,2
Kerala,2015,686
Tamil Nadu,2015,3100
Pondicherry,2015,49
Andaman & Nicobar Islands,2015,9
Jammu & Kashmir,2016,248
Ladakh UT,2016,6
Himachal Pradesh,2016,189
Punjab,2016,904
Chandigarh,2016,22
Uttaranchal,2016,241
Haryana,2016,595
Delhi,2016,482
Rajasthan,2016,1464
Uttar Pradesh,2016,3991
Bihar,2016,2006
Sikkim,2016,11
Arunachal Pradesh,2016,27
Nagaland,2016,45
Manipur,2016,39
Mizoram,2016,54
Tripura,2016,76
Meghalaya,2016,43
Assam,2016,711
West Bengal,2016,2251
Jharkhand,2016,696
Orissa,2016,1063
Chhattisgarh,2016,597
Madhya Pradesh,2016,1594
Gujarat,2016,1474
Daman,2016,4
Dadra & Nagar Haveli,2016,6
Maharashtra,2016,2673
Telangana,2016,1001
Andhra Pradesh,2016,1522
Karnataka,2016,1793
Goa,2016,42
Lakshadweep,2016,2
Kerala,2016,701
Tamil Nadu,2016,3179
Pondicherry,2016,52
Andaman & Nicobar Islands,2016,9
Jammu & Kashmir,2017,256
Ladakh UT,2017,6
Himachal Pradesh,2017,193
Punjab,2017,929
Chandigarh,2017,22
Uttaranchal,2017,246
Haryana,2017,616
Delhi,2017,499
Rajasthan,2017,1507
Uttar Pradesh,2017,4095
Bihar,2017,2061
Sikkim,2017,11
Arunachal Pradesh,2017,28
Nagaland,2017,46
Manipur,2017,41
Mizoram,2017,56
Tripura,2017,77
Meghalaya,2017,44
Assam,2017,731
West Bengal,2017,2312
Jharkhand,2017,715
Orissa,2017,1089
Chhattisgarh,2017,612
Madhya Pradesh,2017,1639
Gujarat,2017,1515
Daman,2017,4
Dadra & Nagar Haveli,2017,7
Maharashtra,2017,2741
Telangana,2017,1029
Andhra Pradesh,2017,1559
Karnataka,2017,1842
Goa,2017,43
Lakshadweep,2017,2
Kerala,2017,717
Tamil Nadu,2017,3256
Pondicherry,2017,54
Andaman & Nicobar Islands,2017,9
Jammu & Kashmir,2018,261
Ladakh UT,2018,7
Himachal Pradesh,2018,198
Punjab,2018,953
Chandigarh,2018,24
Uttaranchal,2018,253
Haryana,2018,634
Delhi,2018,518
Rajasthan,2018,1550
Uttar Pradesh,2018,4202
Bihar,2018,2116
Sikkim,2018,11
Arunachal Pradesh,2018,29
Nagaland,2018,48
Manipur,2018,44
Mizoram,2018,57
Tripura,2018,79
Meghalaya,2018,47
Assam,2018,752
West Bengal,2018,2374
Jharkhand,2018,737
Orissa,2018,1115
Chhattisgarh,2018,629
Madhya Pradesh,2018,1684
Gujarat,2018,1557
Daman,2018,4
Dadra & Nagar Haveli,2018,7
Maharashtra,2018,2810
Telangana,2018,1057
Andhra Pradesh,2018,1596
Karnataka,2018,1893
Goa,2018,43
Lakshadweep,2018,2
Kerala,2018,732
Tamil Nadu,2018,3337
Pondicherry,2018,56
Andaman & Nicobar Islands,2018,9
Jammu & Kashmir,2019,269
Ladakh UT,2019,7
Himachal Pradesh,2019,203
Punjab,2019,978
Chandigarh,2019,26
Uttaranchal,2019,261
Haryana,2019,654
Delhi,2019,535
Rajasthan,2019,1593
Uttar Pradesh,2019,4309
Bihar,2019,2174
Sikkim,2019,11
Arunachal Pradesh,2019,30
Nagaland,2019,50
Manipur,2019,44
Mizoram,2019,59
Tripura,2019,81
Meghalaya,2019,48
Assam,2019,772
West Bengal,2019,2435
Jharkhand,2019,758
Orissa,2019,1142
Chhattisgarh,2019,645
Madhya Pradesh,2019,1731
Gujarat,2019,1600
Daman,2019,4
Dadra & Nagar Haveli,2019,7
Maharashtra,2019,2880
Telangana,2019,1085
Andhra Pradesh,2019,1634
Karnataka,2019,1944
Goa,2019,44
Lakshadweep,2019,2
Kerala,2019,748
Tamil Nadu,2019,3418
Pondicherry,2019,56
Andaman & Nicobar Islands,2019,9
Jammu & Kashmir,2020,278
Ladakh UT,2020,7
Himachal Pradesh,2020,209
Punjab,2020,1003
Chandigarh,2020,26
Uttaranchal,2020,268
Haryana,2020,676
Delhi,2020,554
Rajasthan,2020,1637
Uttar Pradesh,2020,4420
Bihar,2020,2232
Sikkim,2020,11
Arunachal Pradesh,2020,31
Nagaland,2020,51
Manipur,2020,45
Mizoram,2020,61
Tripura,2020,84
Meghalaya,2020,49
Assam,2020,793
West Bengal,2020,2499
Jharkhand,2020,779
Orissa,2020,1169
Chhattisgarh,2020,663
Madhya Pradesh,2020,1778
Gujarat,2020,1645
Daman,2020,4
Dadra & Nagar Haveli,2020,7
Maharashtra,2020,2952
Telangana,2020,1114
Andhra Pradesh,2020,1672
Karnataka,2020,1996
Goa,2020,46
Lakshadweep,2020,2
Kerala,2020,763
Tamil Nadu,2020,3502
Pondicherry,2020,59
Andaman & Nicobar Islands,2020,10
Jammu & Kashmir,2021,285
Ladakh UT,2021,7
Himachal Pradesh,2021,213
Punjab,2021,1029
Chandigarh,2021,26
Uttaranchal,2021,275
Haryana,2021,695
Delhi,2021,573
Rajasthan,2021,1682
Uttar Pradesh,2021,4532
Bihar,2021,2291
Sikkim,2021,12
Arunachal Pradesh,2021,33
Nagaland,2021,53
Manipur,2021,47
Mizoram,2021,63
Tripura,2021,85
Meghalaya,2021,50
Assam,2021,814
West Bengal,2021,2562
Jharkhand,2021,801
Orissa,2021,1195
Chhattisgarh,2021,680
Madhya Pradesh,2021,1826
Gujarat,2021,1690
Daman,2021,4
Dadra & Nagar Haveli,2021,7
Maharashtra,2021,3024
Telangana,2021,1142
Andhra Pradesh,2021,1710
Karnataka,2021,2049
Goa,2021,47
Lakshadweep,2021,2
Kerala,2021,779
Tamil Nadu,2021,3584
Pondicherry,2021,61
Andaman & Nicobar Islands,2021,10
Jammu & Kashmir,2022,293
Ladakh UT,2022,7
Himachal Pradesh,2022,218
Punjab,2022,1056
Chandigarh,2022,27
Uttaranchal,2022,281
Haryana,2022,717
Delhi,2022,593
Rajasthan,2022,1728
Uttar Pradesh,2022,4646
Bihar,2022,2353
Sikkim,2022,13
Arunachal Pradesh,2022,33
Nagaland,2022,55
Manipur,2022,49
Mizoram,2022,65
Tripura,2022,88
Meghalaya,2022,51
Assam,2022,836
West Bengal,2022,2627
Jharkhand,2022,825
Orissa,2022,1222
Chhattisgarh,2022,697
Madhya Pradesh,2022,1876
Gujarat,2022,1735
Daman,2022,4
Dadra & Nagar Haveli,2022,7
Maharashtra,2022,3096
Telangana,2022,1173
Andhra Pradesh,2022,1748
Karnataka,2022,2101
Goa,2022,47
Lakshadweep,2022,2
Kerala,2022,794
Tamil Nadu,2022,3669
Pondicherry,2022,63
Andaman & Nicobar Islands,2022,11
Jammu & Kashmir,2023,301
Ladakh UT,2023,7
Himachal Pradesh,2023,223
Punjab,2023,1082
Chandigarh,2023,28
Uttaranchal,2023,289
Haryana,2023,738
Delhi,2023,613
Rajasthan,2023,1775
Uttar Pradesh,2023,4763
Bihar,2023,2415
Sikkim,2023,13
Arunachal Pradesh,2023,34
Nagaland,2023,56
Manipur,2023,51
Mizoram,2023,67
Tripura,2023,90
Meghalaya,2023,54
Assam,2023,859
West Bengal,2023,2692
Jharkhand,2023,847
Orissa,2023,1251
Chhattisgarh,2023,715
Madhya Pradesh,2023,1926
Gujarat,2023,1781
Daman,2023,5
Dadra & Nagar Haveli,2023,7
Maharashtra,2023,3171
Telangana,2023,1202
Andhra Pradesh,2023,1788
Karnataka,2023,2156
Goa,2023,48
Lakshadweep,2023,3
Kerala,2023,810
Tamil Nadu,2023,3755
Pondicherry,2023,65
Andaman & Nicobar Islands,2023,11
